title,tomatometer,reviewCount
14 Blades,67%,12
16 Blocks,56%,162
2307: Winter's Dream,N/A,N/A
24 Hours to Live,52%,21
25 Kille,N/A,N/A
"27, el club de los malditos",100%,5
5 Cowok Jagoan,N/A,N/A
6 Days,63%,32
6 Underground,35%,60
9,N/A,N/A
A Flying Jatt,43%,7
A Wednesday,N/A,N/A
A.X.L.,27%,22
Aakhri Adaalat,N/A,N/A
Abdo Mota,N/A,N/A
Act of Vengeance,N/A,N/A
Acts of Vengeance,55%,11
Æon Flux,N/A,N/A
Aftershock,39%,54
Aiyaary,22%,9
Ali Baba ve 7 Cüceler,N/A,N/A
Alibaba Aur 40 Chor,N/A,N/A
Alien Warfare,N/A,N/A
All the Devil's Men,23%,13
American Heist,13%,16
Angamaly Diaries,N/A,N/A
Animal World,N/A,N/A
Anjaan,N/A,N/A
Ant-Man and the Wasp,88%,408
Antidote,N/A,N/A
April and the Extraordinary World,96%,56
Arès,N/A,N/A
Arjun: The Warrior Prince,67%,9
Asoka,100%,10
Asura: The City of Madness,80%,10
Austin Powers in Goldmember,54%,185
Austin Powers: The Spy Who Shagged Me,52%,87
Avengement,81%,16
Avengers: Infinity War,85%,451
Baadshaho,0%,8
Baaghi,N/A,N/A
Baahubali 2: The Conclusion (Hindi Version),N/A,N/A
Baahubali 2: The Conclusion (Malayalam Version),N/A,N/A
Baahubali 2: The Conclusion (Tamil Version),N/A,N/A
Baahubali: The Beginning (English Version),N/A,N/A
Baahubali: The Beginning (Hindi Version),N/A,N/A
Baahubali: The Beginning (Malayalam Version),N/A,N/A
Baahubali: The Beginning (Tamil Version),N/A,N/A
Backdraft 2,N/A,N/A
Bad Boys,N/A,N/A
Bad Boys II,23%,182
Band of Robbers,78%,27
Bandie,N/A,N/A
Bang Rajan 2,N/A,N/A
Barely Lethal,26%,35
Barsaat,N/A,N/A
Battle Drone,N/A,N/A
Bbuddah Hoga Terra Baap,N/A,N/A
Beauty and the Bestie,N/A,N/A
Berserk: The Golden Age Arc I - The Egg of the King,N/A,N/A
Berserk: The Golden Age Arc II - The Battle for Doldrey,N/A,N/A
Berserk: The Golden Age Arc III - The Advent,N/A,N/A
Beyond Skyline,63%,19
Big Kill,22%,9
Bir Baba Hindu,N/A,N/A
Bitcoin Heist,N/A,N/A
Black Hawk Down,76%,171
Black Panther,N/A,N/A
Black Rose,N/A,N/A
Black Sea,80%,135
Black Site Delta,N/A,N/A
BLAME!,58%,12
Bleach,N/A,N/A
Bleach The Movie: Fade to Black,N/A,N/A
Bleach the Movie: Hell Verse,N/A,N/A
Blind Detective,55%,11
Blood Diamond,63%,216
Blood Money,N/A,N/A
Bon Cop Bad Cop 2,71%,7
"Bon Cop, Bad Cop",78%,9
Boom,N/A,N/A
Boss,N/A,N/A
Boyka: Undisputed,N/A,N/A
Bright,28%,109
Broken Sword Hero,N/A,N/A
Brotherhood of Blades II: The Infernal Battlefield,N/A,N/A
Buffalo Boys,N/A,N/A
Burn Out,N/A,N/A
Bushwick,N/A,N/A
BuyBust,82%,17
C Kkompany,N/A,N/A
Casino Tycoon,N/A,N/A
Casino Tycoon 2,N/A,N/A
Catwoman,9%,197
Cave,12%,111
Chappie,32%,222
Charlie's Angels,68%,145
Charlie's Angels: Full Throttle,42%,185
Chasing the Dragon,N/A,N/A
Chennai Express,47%,15
China Salesman,13%,16
Cirque du Freak: The Vampire's Assistant,N/A,N/A
Clash of the Titans,68%,41
Cleopatra Jones,91%,11
Close,N/A,N/A
Cloud Atlas,66%,278
Code Name: The Cleaner,4%,83
Company,N/A,N/A
Connected,N/A,N/A
Contract,N/A,N/A
"Crouching Tiger, Hidden Dragon",97%,153
"Crouching Tiger, Hidden Dragon: Sword of Destiny",20%,35
Daagdi Chaawl,N/A,N/A
Daemonium,N/A,N/A
Darc,N/A,N/A
Death Race: Beyond Anarchy,N/A,N/A
Deep Blue Sea,N/A,N/A
Defiance,N/A,N/A
Delhi Belly,88%,16
Detective Dee: The Four Heavenly Kings,60%,10
Detention Letter,N/A,N/A
Dilwale,N/A,N/A
Disciples of the 36th Chamber,N/A,N/A
District 9,90%,311
Don,N/A,N/A
Don 2,69%,13
Doubles Cause Troubles,N/A,N/A
Dragon Tiger Gate,N/A,N/A
Dragonheart: Battle for the Heartfire,N/A,N/A
Drive,N/A,N/A
Dum,N/A,N/A
Elaan,N/A,N/A
End of Watch,85%,177
Enter the Dragon,94%,47
Enter the Warriors Gate,50%,8
Equilibrium,40%,90
Erased,N/A,N/A
EVANGELION: DEATH (TRUE)²,N/A,N/A
Executive Decision,64%,39
Exit Wounds,32%,65
Expelled from Paradise,N/A,N/A
Expo,N/A,N/A
Extinction,N/A,N/A
Fakta Ladh Mhana,N/A,N/A
Faraar,N/A,N/A
Fighting Beat,N/A,N/A
First Kill,N/A,N/A
Five Elements Ninjas,N/A,N/A
Flying Guillotine 2,N/A,N/A
Forbidden Planet,98%,44
Force 2,55%,11
Free Fire,69%,227
From Paris with Love,38%,160
Fukrey,N/A,N/A
FullMetal Alchemist,N/A,N/A
Furie,95%,19
G.O.R.A,N/A,N/A
Gabbar Is Back,N/A,N/A
"Game Over, Man!",20%,15
GANTZ:O,N/A,N/A
Gatao 2: Rise of the King,N/A,N/A
Get Smart,50%,220
Ghost Pain,N/A,N/A
Ghost Tears,N/A,N/A
Ghost Whispers,N/A,N/A
Girls und Panzer der Film,N/A,N/A
God of War,80%,10
GODZILLA City on the Edge of Battle,N/A,N/A
GODZILLA Planet of the Monsters,N/A,N/A
GODZILLA The Planet Eater,N/A,N/A
​Goli Soda 2,N/A,N/A
Gollu Aur Pappu,N/A,N/A
Good People,N/A,N/A
Gridlocked,N/A,N/A
Guna 369,N/A,N/A
Hajwala 2: Mysterious Mission,N/A,N/A
Hajwala: The Missing Engine,N/A,N/A
HALO Legends,N/A,N/A
Halo: The Fall of Reach,N/A,N/A
Hamburger Hill,100%,11
Happy New Year,N/A,N/A
Haseena Maan Jaayegi,N/A,N/A
Headshot,46%,140
Helios,N/A,N/A
Hell and Back,0%,5
Hellboy,81%,201
Hero,95%,206
Heroes Wanted,N/A,N/A
Hickok,N/A,N/A
Highway,N/A,N/A
Himmatwala,N/A,N/A
Hit & Run,N/A,N/A
Hold the Dark,71%,80
How It Ends,18%,17
Hulk Vs.,N/A,N/A
Hunter's Prayer,33%,21
I Am Vengeance,N/A,N/A
I Am Wrath,11%,9
Iceman,N/A,N/A
Illang: The Wolf Brigade,25%,8
Imperfect,N/A,N/A
In Search of Fellini,89%,9
Incoming,N/A,N/A
Indiana Jones and the Kingdom of the Crystal Skull,78%,272
Indiana Jones and the Last Crusade,88%,69
Indiana Jones and the Raiders of the Lost Ark,95%,76
Indiana Jones and the Temple of Doom,85%,66
Inglourious Basterds,89%,326
Initial D,N/A,N/A
Inkheart,38%,143
Insan,N/A,N/A
Inside Man: Most Wanted,N/A,N/A
InuYasha the Movie 2: The Castle Beyond the Looking Glass,N/A,N/A
InuYasha the Movie 3: Swords of an Honorable Ruler,N/A,N/A
InuYasha the Movie 4: Fire on the Mystic Island,N/A,N/A
InuYasha the Movie: Affections Touching Across Time,N/A,N/A
Ip Man,85%,26
Ip Man 2,N/A,N/A
Ip Man 3,78%,50
Iron Sky: The Coming Race,29%,7
Jaal,N/A,N/A
Jagga Jasoos,82%,11
Jailbreak,N/A,N/A
Jodhaa Akbar,75%,16
John Carter,52%,234
Jora 10 Numbaria,N/A,N/A
Judwaa 2,36%,11
Jupiter Ascending,27%,261
"Justice, My Foot!",N/A,N/A
K-19: The Widowmaker,N/A,N/A
Kabali (Hindi Version),N/A,N/A
Khalnayak,N/A,N/A
Khoon Khoon,N/A,N/A
Kickboxer: Retaliation,92%,13
Kickboxer: Vengeance,41%,32
Kill Command,75%,12
Kill Ratio,0%,5
Kill the Irishman,62%,50
Kills on Wheels,89%,19
Kisaan,N/A,N/A
Kon-Tiki,N/A,N/A
Kung Fu Hustle,90%,187
Kung Fu Yoga,48%,23
La Leyenda del Diamante,N/A,N/A
Lady Bloodfight,40%,5
Lakshya,N/A,N/A
Larceny,N/A,N/A
Last Knights,13%,30
Left Behind,16%,45
Legend of the Naga Pearls,N/A,N/A
Legendary Weapons of China,N/A,N/A
Legion,N/A,N/A
Life Ki Toh Lag Gayi,N/A,N/A
Lifeline,N/A,N/A
Line Walker,N/A,N/A
Lion's Heart,N/A,N/A
Little Dragon Maiden,N/A,N/A
"Lock, Stock and Two Smoking Barrels",75%,65
Locked Up,N/A,N/A
Logan's Run,61%,31
"Look Out, Officer",N/A,N/A
Love on Delivery,N/A,N/A
Lupin the 3rd: The Castle of Cagliostro: Special Edition,N/A,N/A
Mahabharat,N/A,N/A
Main Hoon Na,N/A,N/A
Man of Tai Chi,70%,66
Manhunt,N/A,N/A
Mard Ko Dard Nahi Hota,94%,17
Maria,N/A,N/A
Martial Arts of Shaolin,N/A,N/A
Marvel's Iron Man & Hulk: Heroes United,N/A,N/A
Master,N/A,N/A
Master Z: The Ip Man Legacy,89%,35
Mauli,N/A,N/A
Men in Black,92%,88
Men in Black II,39%,198
Merantau,N/A,N/A
Mersal,N/A,N/A
MI-5,63%,41
Mission Istaanbul: Darr Ke Aagey Jeet Hai,N/A,N/A
Mission of Honor,83%,6
Mohawk,N/A,N/A
Mohenjo Daro,38%,13
Monty Python and the Holy Grail,97%,74
Mountain,N/A,N/A
Mowgli: Legend of the Jungle,52%,101
Mugamoodi,N/A,N/A
Mujrim,N/A,N/A
Muran,N/A,N/A
Murder at 1600,33%,33
Mutiny on the Bounty,94%,35
"My Schoolmate, the Barbarian",N/A,N/A
My True Friend,N/A,N/A
Naam Shabana,22%,9
Naan Sigappu Manithan,N/A,N/A
Naruto Shippuden the Movie: Blood Prison,N/A,N/A
Naruto Shippûden the Movie: Bonds,N/A,N/A
Naruto Shippûden the Movie: The Will of Fire,N/A,N/A
Naruto Shippuden: The Movie,N/A,N/A
Naruto Shippuden: The Movie: The Lost Tower,N/A,N/A
Naruto the Movie 2: Legend of the Stone of Gelel,N/A,N/A
Naruto the Movie 3: Guardians of the Crescent Moon Kingdom,N/A,N/A
Naruto the Movie: Ninja Clash in the Land of Snow,N/A,N/A
National Lampoon's Loaded Weapon 1,18%,28
National Treasure,46%,179
Needhi Singh,N/A,N/A
Next,28%,130
Nibunan,N/A,N/A
Ninja Assassin,25%,114
No Game No Life: Zero,N/A,N/A
Occupation,N/A,N/A
Ocean's Eleven,82%,174
Officer Downe,33%,12
Offline – Das Leben ist kein Bonuslevel,N/A,N/A
Oh Darling Yeh Hai India,N/A,N/A
Okja,86%,222
Olympus Has Fallen,49%,192
On the Wrong Track,N/A,N/A
Once a Gangster,N/A,N/A
Once Upon a Time in the West,98%,58
One 2 Ka 4,N/A,N/A
Operações Especiais,N/A,N/A
Operation Chromite,33%,18
Operation Mekong,78%,9
Operation Red Sea,80%,10
Opium and the Kung Fu Master,N/A,N/A
Organize Isler,N/A,N/A
Outlaw King,62%,146
Outlawed,N/A,N/A
Oversize Cops,N/A,N/A
Paan Singh Tomar,N/A,N/A
Paid in Full,53%,43
Pandigai,N/A,N/A
Paradise Beach,N/A,N/A
Paskal,N/A,N/A
Paul Blart: Mall Cop,33%,115
Petta,N/A,N/A
Petta (Telugu Version),N/A,N/A
Phantom,N/A,N/A
Phantom Boy,88%,51
Pitaah,N/A,N/A
Players,N/A,N/A
Point Blank,91%,79
Polar,N/A,N/A
Popeye,N/A,N/A
Poseidon,33%,202
Pranaam,N/A,N/A
Prince,71%,21
Psychokinesis,80%,10
Pukar,N/A,N/A
Pulang,N/A,N/A
Pusher,83%,18
Race,N/A,N/A
Race 2,0%,5
Raees,67%,12
Railroad Tigers,39%,33
Rampage: President Down,N/A,N/A
Rampant,62%,13
Rangoon,55%,11
Regatta,N/A,N/A
Rembat,N/A,N/A
Remember,N/A,N/A
Return to the 36th Chamber,N/A,N/A
Revenge of the Green Dragons,15%,26
Revenger,40%,5
Revolt,N/A,N/A
Rim of the World,25%,12
Robin Hood: The Rebellion,N/A,N/A
Rocky,N/A,N/A
Rocky Handsome,0%,11
Roger Corman's Death Race 2050,88%,8
Romeo Ranjha,N/A,N/A
Rowdy Rathore,55%,11
Rumble,N/A,N/A
Rumble in the Bronx,80%,55
Run,N/A,N/A
S Storm,N/A,N/A
Saaho,9%,11
Salaakhen,N/A,N/A
Samson,N/A,N/A
Sand Castle,N/A,N/A
Sardaarji 2,N/A,N/A
Sarkar (Tamil),N/A,N/A
Sarkar (Telugu),N/A,N/A
Savage Dog,73%,11
Scorpion King 5: Book of Souls,N/A,N/A
Scott Pilgrim vs. the World,81%,263
Season of the Witch,N/A,N/A
Security,N/A,N/A
Sei,N/A,N/A
Shadow,N/A,N/A
Shaitan,N/A,N/A
Shootout at Lokhandwala,N/A,N/A
Shortcut Safari,N/A,N/A
Silencer,N/A,N/A
Sin City,77%,250
Singh Saab the Great,N/A,N/A
Singularity,N/A,N/A
Skin Trade,25%,16
Skiptrace,38%,32
Sky on Fire,40%,10
Skyline,N/A,N/A
Slow West,92%,132
Small Soldiers,48%,44
Snowpiercer,95%,243
Solo: A Star Wars Story,70%,461
Solo: A Star Wars Story (Spanish Version),N/A,N/A
Solomon Kane,67%,48
Son of a Gun,N/A,N/A
Space Cowboys,78%,119
Spectral,75%,8
Spider-Man 3,N/A,N/A
Spider-Man: Into the Spider-Verse,97%,371
Spy Time,N/A,N/A
Spyder,0%,5
Standoff,N/A,N/A
Star Wars: Episode VIII: The Last Jedi,N/A,N/A
Starsky & Hutch,N/A,N/A
Steel Rain,N/A,N/A
Stronger Than the World,N/A,N/A
Submission,N/A,N/A
Super Fly,92%,25
Supergirl,10%,31
Superlopez,67%,6
Superman Returns,75%,264
Sword Masters: Two Champions of Shaolin,N/A,N/A
Swordfish,26%,138
Takers,29%,112
Tamanchey,N/A,N/A
Tatu,N/A,N/A
Tears of the Sun,33%,155
Teefa in Trouble,N/A,N/A
Tezz,N/A,N/A
Thaandavam,N/A,N/A
The 4th Company,N/A,N/A
The Accidental Spy,N/A,N/A
The Age of Shadows,100%,45
The Amazing Praybeyt Benjamin,N/A,N/A
The Bare-Footed Kid,N/A,N/A
The Beast Stalker,N/A,N/A
The Bittersweet,N/A,N/A
The Book of Eli,47%,203
The Bounty Hunter,N/A,N/A
The Brothers Grimm,N/A,N/A
The Bund,N/A,N/A
The Cell,N/A,N/A
The Climb,N/A,N/A
The Cloverfield Paradox,19%,142
The Crew,N/A,N/A
The Crow,N/A,N/A
The Darkest Dawn,N/A,N/A
The Debt Collector,N/A,N/A
The Dirty Dozen,88%,34
The Do-Over,N/A,N/A
The End of Evangelion,N/A,N/A
The Five Venoms,N/A,N/A
The Flying Guillotine,N/A,N/A
The Forbidden Kingdom,N/A,N/A
The Grandmaster,78%,135
The Great Battle,86%,7
The Great Magician,N/A,N/A
The Great Raid,N/A,N/A
The Hard Way,N/A,N/A
The Hollow Point,N/A,N/A
The Humanity Bureau,25%,8
The Hurricane Heist,45%,55
The Imaginarium of Doctor Parnassus,64%,196
The In-Laws,33%,136
The Killer,N/A,N/A
The Last Runway,N/A,N/A
The Legacy of a Whitetail Deer Hunter,30%,23
The Long Kiss Goodnight,N/A,N/A
The Lovers,90%,10
The Matrix,88%,149
The Matrix Reloaded,73%,245
The Matrix Revolutions,35%,216
The Night Comes for Us,90%,29
The Oath,75%,16
The Physician,N/A,N/A
The Prince,N/A,N/A
The Prison,N/A,N/A
The Ridiculous 6,0%,36
The River Wild,56%,32
The Saint,N/A,N/A
The Seven Deadly Sins the Movie: Prisoners of the Sky,N/A,N/A
The Siege of Jadotville,64%,11
The Space Between Us,17%,133
The Super Parental Guardians,N/A,N/A
The Taking of Pelham 123,N/A,N/A
The Time Machine,N/A,N/A
The Tuxedo,N/A,N/A
The Twins Effect II,N/A,N/A
The Walls of the Moon,N/A,N/A
The World Is Yours,N/A,N/A
The Young Vagabond,N/A,N/A
Tiger,N/A,N/A
Time Trap,60%,10
Tracers,25%,28
Train to Busan,93%,107
Tremors: A Cold Day in Hell,40%,5
Trimurti,N/A,N/A
Triple Frontier,72%,121
Triple Threat,N/A,N/A
Troy,54%,228
Troy: The Odyssey,N/A,N/A
True Memoirs of an International Assassin,N/A,N/A
Twins Mission,N/A,N/A
Undercover Grandpa,N/A,N/A
Used Goods,N/A,N/A
USS Indianapolis: Men of Courage,17%,12
V for Vendetta,72%,247
Vantage Point,34%,157
Veerappan,N/A,N/A
Vettai,N/A,N/A
Viking Destiny,13%,8
Waar,N/A,N/A
Waarrior Savitri,N/A,N/A
War,14%,59
War on Everyone,60%,96
We Are Legends,N/A,N/A
What Happened to Monday,57%,35
Wheelman,87%,23
World Trade Center,67%,233
xXx,48%,179
XXX: State of the Union,17%,137
Yamla Pagla Deewana 2,N/A,N/A
Young Tiger,N/A,N/A
A Silent Voice,94%,33
Flavors of Youth: International Version,N/A,N/A
In This Corner of the World,97%,74
K-on! the movie,N/A,N/A
Mary and The Witch's Flower,89%,88
Miss Hokusai,93%,56
Pokémon the Movie: I Choose You!,N/A,N/A
Sturgill Simpson Presents Sound & Fury,N/A,N/A
The Garden of Words,N/A,N/A
Yo-Kai Watch: The Movie,80%,5
48 Christmas Wishes,N/A,N/A
A 2nd Chance,N/A,N/A
A Christmas Prince,73%,11
A Christmas Prince: The Royal Baby,25%,8
A Christmas Prince: The Royal Wedding,47%,15
A Cinderella Story: Christmas Wish,N/A,N/A
A Fairly Odd Summer,N/A,N/A
A Holiday Engagement,N/A,N/A
A StoryBots Christmas,N/A,N/A
A Witches' Ball,N/A,N/A
A Wrinkle in Time,N/A,N/A
Abominable Christmas,N/A,N/A
Action Replayy,N/A,N/A
Albion: The Enchanted Stallion,N/A,N/A
Aliens Ate My Homework,N/A,N/A
All Hallows' Eve,N/A,N/A
Alpha and Omega 2: A Howl-iday Adventure,N/A,N/A
An American Tail,70%,27
An American Tail: Fievel Goes West,54%,13
An American Tail: The Mystery of the Night Monster,N/A,N/A
An American Tail: The Treasures of Manhattan Island,N/A,N/A
Angela's Christmas,N/A,N/A
Annabelle Hooper and the Ghosts of Nantucket,N/A,N/A
Antariksha Ke Rakhwale,N/A,N/A
Balto,54%,24
Balto 2: Wolf Quest,N/A,N/A
Balto 3: Wings of Change,N/A,N/A
Barbie & Her Sisters in a Pony Tale,N/A,N/A
Barbie Dolphin Magic,N/A,N/A
Barbie in A Mermaid Tale,N/A,N/A
Barbie in Princess Power,N/A,N/A
Barbie in Rock 'N Royals,N/A,N/A
Barbie Star Light Adventure,N/A,N/A
Barbie: A Fairy Secret,N/A,N/A
Barbie: Princess Charm School,N/A,N/A
Barbie: Spy Squad,N/A,N/A
Barbie: The Princess & the Popstar,N/A,N/A
Barbie: Video Game Hero,N/A,N/A
Beat Bugs: All Together Now,N/A,N/A
Bedtime Stories,26%,110
Bee Movie,50%,173
Benji,86%,7
Benji: Off the Leash,33%,43
Benji's Very Own Christmas Story,N/A,N/A
Bheemayan,N/A,N/A
Bibi & Tina,N/A,N/A
Bibi & Tina II,N/A,N/A
Bibi & Tina: Girls Versus Boys,N/A,N/A
Bibi & Tina: Tohuwabohu Total,N/A,N/A
Big Miracle,75%,104
Big Time Movie,N/A,N/A
Bigger Fatter Liar,N/A,N/A
Blinky Bill: The Movie,73%,11
Bob's Broken Sleigh,N/A,N/A
Bolt,89%,184
Boy and the World,93%,57
Bruno and Boots: Go Jump in the Pool,N/A,N/A
Bruno and Boots: The Wizzle War,N/A,N/A
Bruno and Boots: This Can't Be Happening at Macdonald Hall,N/A,N/A
Calico Critters: A Town of Dreams,N/A,N/A
Calico Critters: The Treasure of Calico Village,N/A,N/A
Camp Cool Kids,N/A,N/A
Candy Jar,71%,7
Cats & Dogs: The Revenge of Kitty Galore,N/A,N/A
Charlotte's Web,78%,147
Chhota Bheem Ka Romani Adventure,N/A,N/A
Chhota Bheem Kungfu Dhamaka,N/A,N/A
Chicken Little,37%,162
Chillar Party,N/A,N/A
Christmas Break-In,N/A,N/A
Christmas in the Smokies,N/A,N/A
Christmas with the Kranks,5%,132
Christopher Robin,73%,263
Coin Heist,N/A,N/A
Cop and a Half: New Recruit,N/A,N/A
Coraline,91%,266
Daddy Day Care,27%,131
Dear Dracula,N/A,N/A
Deep,44%,18
DJ Cinderella,N/A,N/A
Dolphin Kick,N/A,N/A
Dolphin Tale 2,65%,86
Dr. Seuss' The Cat in the Hat,N/A,N/A
Dr. Seuss' The Grinch,N/A,N/A
Dragonkala Ka Rahasya,N/A,N/A
Dragons: Dawn of the Dragon Racers,N/A,N/A
DreamWorks Home: For the Holidays,N/A,N/A
Duck Duck Goose,N/A,N/A
Earth to Echo,51%,124
El Viaje: Márama y Rombai,N/A,N/A
Elliot the Littlest Reindeer,30%,20
Escape from Mr. Lemoncello’s Library,N/A,N/A
Evan Almighty,23%,195
F.R.E.D.I.,N/A,N/A
Figaro Pho,N/A,N/A
Fishtronaut: The Movie,N/A,N/A
For the Love of Benji,N/A,N/A
Free Rein: The Twelve Neighs of Christmas,N/A,N/A
Free Rein: Valentine's Day,N/A,N/A
From Japan to Egypt,N/A,N/A
Full Out,N/A,N/A
G-Force,N/A,N/A
Garuda in My Heart,N/A,N/A
Garuda in My Heart 2,N/A,N/A
George of the Jungle 2,17%,6
Get Santa,79%,28
Ghost Patrol,N/A,N/A
Gnome Alone,N/A,N/A
GO! The Unforgettable Party,N/A,N/A
God Bless the Broken Road,18%,11
Going for Gold,N/A,N/A
Good Burger,32%,38
Good Sam,60%,5
Goosebumps 2: Haunted Halloween,48%,93
Growing Up Wild,N/A,N/A
Harriet the Spy: Blog Wars,N/A,N/A
Hedgehogs,N/A,N/A
Hey Arnold! The Jungle Movie,100%,8
Holiday in the Wild,43%,7
Holiday Rush,N/A,N/A
Holly Star,N/A,N/A
Holy Expectations,N/A,N/A
Hoodwinked Too! Hood vs. Evil,11%,64
Hope Aur Hum,60%,5
Hotel Transylvania 3: Summer Vacation,62%,115
How the Grinch Stole Christmas,50%,140
I Am Kalam,N/A,N/A
I Dream Of Dance,N/A,N/A
Igor,N/A,N/A
Imagine That,N/A,N/A
Incredibles 2 (Spanish Version),N/A,N/A
Invader Zim: Enter the Florpus,100%,20
Iron Man & Captain America: Heroes United,N/A,N/A
It Takes Two,N/A,N/A
Jack and the Cuckoo-Clock Heart,N/A,N/A
Jessica Darling's It List,N/A,N/A
Jinxed,N/A,N/A
Joseph: King of Dreams,N/A,N/A
Judy Moody and the Not Bummer Summer,20%,80
Kahlil Gibran's The Prophet,66%,70
Kevin Hart's Guide to Black History,N/A,N/A
Kids on the Block,N/A,N/A
Klaus,92%,53
Krish Trish and Baltiboy,N/A,N/A
Krish Trish and Baltiboy: Battle of Wits,N/A,N/A
Krish Trish and Baltiboy: Best Friends Forever,N/A,N/A
Krish Trish and Baltiboy: Comics of India,N/A,N/A
Krish Trish and Baltiboy: Face Your Fears,N/A,N/A
Krish Trish and Baltiboy: Oversmartness Never Pays,N/A,N/A
Krish Trish and Baltiboy: Part II,N/A,N/A
Krish Trish and Baltiboy: The Greatest Trick,N/A,N/A
Kung Fu Magoo,N/A,N/A
Kung Fu Panda: Holiday,N/A,N/A
Kung Fu Panda: Secrets of the Scroll,N/A,N/A
Leap!,40%,60
LEGENDS OF THE HIDDEN TEMPLE,N/A,N/A
LEGO Jurassic World: The Indominus Escape,N/A,N/A
LEGO Marvel Super Heroes: Avengers Reassembled!,N/A,N/A
LEGO Marvel Super Heroes: Black Panther,N/A,N/A
LEGO Marvel Super Heroes: Guardians of the Galaxy,N/A,N/A
LEGO Ninjago: Masters of Spinjitzu: Day of the Departed,N/A,N/A
LEGO: Marvel Super Heroes: Maximum Overload,N/A,N/A
Leo the Lion,N/A,N/A
"Liar, Liar, Vampire",N/A,N/A
Little Baby Bum: Go Buster,N/A,N/A
Little Lunch: The Halloween Horror Story,N/A,N/A
Little Lunch: The Nightmare Before Graduation,N/A,N/A
Little Monsters,50%,8
Little Singham - Rise of Kaal,N/A,N/A
Little Singham Bandarpur Mein Hu Ha Hu,N/A,N/A
Little Singham in London,N/A,N/A
Little Singham: Kaal Ki Tabaahi,N/A,N/A
Little Singham: Mahabali,N/A,N/A
Luccas Neto in: Summer Camp,N/A,N/A
Magic Snowflake,N/A,N/A
Magnus,N/A,N/A
Malibu Rescue,N/A,N/A
Mariah Carey's Merriest Christmas,N/A,N/A
Marvel Super Hero Adventures: Frost Fight!,N/A,N/A
Marvel's Hulk: Where Monsters Dwell,N/A,N/A
Mary Poppins Returns,79%,354
Mi amigo Alexis,N/A,N/A
Middle School: The Worst Years of My Life,63%,43
Miniforce: New Heroes Rise,N/A,N/A
Miracle,80%,163
Monkey Up,N/A,N/A
Monster Family,10%,21
"Monster High: Boo York, Boo York",N/A,N/A
Monster High: Escape from Skull Shores,N/A,N/A
Monster High: Freaky Fusion,N/A,N/A
Monster High: Friday Night Frights,N/A,N/A
Monster High: Fright On!,N/A,N/A
Monster High: Great Scarrier Reef,N/A,N/A
Monster High: Haunted,N/A,N/A
Monster High: New Ghoul at School,N/A,N/A
"Monster High: Scaris, City of Frights",N/A,N/A
Monster High: Why Do Ghouls Fall in Love?,N/A,N/A
Monster House,75%,161
Monster Island,N/A,N/A
Motu Patlu: King of Kings,N/A,N/A
Mune: Guardian of the Moon,80%,5
My Babysitter's a Vampire: The Movie,N/A,N/A
My Little Pony Equestria Girls: Legend of Everfree,N/A,N/A
My Little Pony Equestria Girls: Rainbow Rocks,N/A,N/A
My Little Pony Equestria Girls: Friendship Games,N/A,N/A
My Little Pony Equestria Girls: Rollercoaster of Friendship,N/A,N/A
My Little Pony Equestria Girls: Forgotten Friendship,N/A,N/A
My Little Pony Friendship Is Magic: Best Gift Ever,N/A,N/A
Next Gen,80%,5
Norm of the North: Keys to the Kingdom,N/A,N/A
Norm of the North: King Sized Adventure,N/A,N/A
NOVA: Bird Brain,N/A,N/A
Open Season,48%,101
Pachamama,N/A,N/A
Pants on Fire,N/A,N/A
Pee-wee's Big Holiday,80%,46
Penelope,N/A,N/A
Peter Rabbit,N/A,N/A
Pettersson and Findus 2,N/A,N/A
Planet 51,22%,108
Power Rangers Samurai: Clash of the Red Rangers,N/A,N/A
Prince of Peoria: A Christmas Moose Miracle,N/A,N/A
Pup Star,N/A,N/A
Pup Star: Better 2Gether,N/A,N/A
Pup Star: World Tour,N/A,N/A
Puppy Star Christmas,N/A,N/A
Puss in Book: Trapped in an Epic Tale,N/A,N/A
R.L. Stine's Mostly Ghostly,N/A,N/A
Race to Witch Mountain,42%,153
Radio Rebel,N/A,N/A
Raising the Bar,N/A,N/A
Ralph Breaks the Internet: Wreck-It Ralph 2,88%,265
Rip Tide,N/A,N/A
Rocko's Modern Life: Static Cling,91%,22
Room on the Broom,N/A,N/A
Rugrats in Paris: The Movie,N/A,N/A
Russell Madness,N/A,N/A
Sahara,N/A,N/A
Samudri Lootere,N/A,N/A
Santa Claws,N/A,N/A
Santa Girl,N/A,N/A
Santa's Apprentice,80%,10
Scooby-Doo on Zombie Island,86%,7
Shorts,46%,101
Shrek the Musical,N/A,N/A
Silent,N/A,N/A
Spirit Riding Free: Spirit of Christmas,N/A,N/A
Spookley the Square Pumpkin,N/A,N/A
Spy Kids,93%,127
Spy Kids 2: The Island of Lost Dreams,N/A,N/A
Spy Kids 3: Game Over,45%,143
Spy Kids: All the Time in the World,N/A,N/A
Stretch Armstrong: The Breakout,N/A,N/A
Super Bheem Bana Vajraveer,N/A,N/A
Super Monsters and the Wish Star,N/A,N/A
Super Monsters Back to School,N/A,N/A
Super Monsters Furever Friends,N/A,N/A
Super Monsters Save Christmas,N/A,N/A
Super Monsters Save Halloween,N/A,N/A
Super Monsters: Vida's First Halloween,N/A,N/A
Surf's Up,79%,147
Tall Girl,44%,9
Tarzan,89%,105
Tarzan 2,33%,6
Tayo the Little Bus Movie: Mission Ace,N/A,N/A
Tee Shot: Ariya Jutanugarn,N/A,N/A
Teenage Mutant Ninja Turtles,34%,116
Tellur Aliens,N/A,N/A
The Adventure Club,N/A,N/A
The Adventures of Sharkboy and Lavagirl,N/A,N/A
The Adventures of Tintin,73%,226
The Blue Umbrella,N/A,N/A
The Boy Who Cried Werewolf,N/A,N/A
The Boy Who Harnessed the Wind,86%,56
The Breadwinner,95%,102
The Christmas Chronicles,64%,53
The Christmas Project,N/A,N/A
The Croods,71%,142
The Dark Crystal,N/A,N/A
The Flintstones,22%,45
The Flintstones in Viva Rock Vegas,25%,72
The Guardian Brothers,N/A,N/A
The Incredible Story of the Giant Pear,N/A,N/A
The Incredibles 2,94%,365
The Karate Kid,N/A,N/A
The Knight Before Christmas,67%,18
The Little Mermaid,N/A,N/A
The Little Prince,N/A,N/A
The Mars Generation,N/A,N/A
The Massively Mixed-Up Middle School Mystery,N/A,N/A
The Nutcracker and the Four Realms,33%,200
The Pink Panther,90%,31
The Pirate Fairy,81%,21
The Princess and the Frog,N/A,N/A
The Princess Switch,75%,12
The Rainbow Troops,N/A,N/A
The Rugrats Movie,N/A,N/A
The Short Game,84%,19
The Spiderwick Chronicles,N/A,N/A
The Spooky Tale of Captain Underpants Hack-a-ween,N/A,N/A
The Water Horse: Legend of the Deep,N/A,N/A
The Wishing Tree,N/A,N/A
Tini: The New Life of Violetta,N/A,N/A
Tinker Bell and the Legend of the NeverBeast,75%,20
Tom and Jerry: The Magic Ring,N/A,N/A
Trolls Holiday Special,N/A,N/A
True: Grabbleapple Harvest,N/A,N/A
True: Happy Hearts Day,N/A,N/A
True: Tricky Treat Day,N/A,N/A
True: Winter Wishes,N/A,N/A
Turbo,N/A,N/A
Unaccompanied Minors,29%,89
Walk. Ride. Rodeo.,N/A,N/A
Walt Disney Animation Studios Short Films Collection,N/A,N/A
Welcome to Monster High: The Origin Story,N/A,N/A
White Christmas,N/A,N/A
White Fang,N/A,N/A
Wish Man,N/A,N/A
Woody Woodpecker,N/A,N/A
Yellowbird,N/A,N/A
Yoko and His Friends,N/A,N/A
You Can Tutu,N/A,N/A
"Yours, Mine and Ours",6%,107
Zapped,6%,16
Zipi & Zape y la Isla del Capitan,N/A,N/A
Zokkomon,N/A,N/A
Alice Doesn't Live Here Anymore,87%,31
Bonnie and Clyde,88%,58
Butterfield 8,47%,17
Cat on a Hot Tin Roof,N/A,N/A
Cool Hand Luke,100%,49
Doctor Zhivago,83%,47
Grease,75%,71
Hotel Pacific,N/A,N/A
Howards End,94%,63
Hum Aapke Hain Koun,N/A,N/A
Know Your Enemy - Japan,N/A,N/A
Lal Patthar,N/A,N/A
Let There Be Light,83%,6
Like Water for Chocolate,91%,35
Lolita,N/A,N/A
Malcolm X,N/A,N/A
Mean Streets,97%,60
Monty Python's Life of Brian,95%,64
Nazi Concentration Camps,N/A,N/A
Paris Is Burning,100%,25
Pioneers of African-American Cinema,N/A,N/A
Pioneers: First Women Filmmakers*,N/A,N/A
Prelude to War,N/A,N/A
Pulp Fiction,92%,101
Raging Bull,94%,69
Rain Man,90%,77
Rebel Without a Cause,96%,49
Rosemary's Baby,97%,69
San Pietro,N/A,N/A
Schindler's List,97%,95
She's Gotta Have It,91%,32
Stripes,86%,36
Tango Feroz,N/A,N/A
The Battle of Midway,N/A,N/A
The Cincinnati Kid,N/A,N/A
The Last Days of Chez Nous,85%,13
The Longest Yard,31%,167
The Memphis Belle: A Story of a Flying Fortress,N/A,N/A
The Negro Soldier,N/A,N/A
The Stranger,N/A,N/A
Thunderbolt,N/A,N/A
Tunisian Victory,N/A,N/A
Undercover: How to Operate Behind Enemy Lines,N/A,N/A
Westerplatte Resists,N/A,N/A
What's Eating Gilbert Grape,90%,49
Who's That Knocking at My Door,68%,19
Winter of Our Dreams,N/A,N/A
"¡Ay, mi madre!",N/A,N/A
#realityhigh,40%,5
#Roxy,N/A,N/A
#Selfie,N/A,N/A
#Selfie 69,N/A,N/A
10 Days in Sun City,N/A,N/A
10 jours en or,N/A,N/A
15 August,N/A,N/A
2 States,44%,9
21 & Over,N/A,N/A
3 Idiots,100%,13
3 Türken & ein Baby,N/A,N/A
30 Days of Luxury,N/A,N/A
4L,N/A,N/A
4th Man Out,N/A,N/A
5 Flights Up,45%,62
5 Star Christmas,N/A,N/A
5 to 7,69%,55
50/50,N/A,N/A
68 Kill,68%,22
7 Din Mohabbat In,N/A,N/A
90 ML,N/A,N/A
A Futile and Stupid Gesture,67%,43
A Glimpse Inside the Mind of Charles Swan III,16%,56
A Home with A View,N/A,N/A
A Mighty Team,N/A,N/A
A Mission in an Old Movie,N/A,N/A
A Night at the Roxbury,N/A,N/A
A Remarkable Tale,N/A,N/A
A Russell Peters Christmas,N/A,N/A
A Serious Man,90%,221
A Trip to Jamaica,N/A,N/A
A Very Murray Christmas,71%,48
Aadu 2,N/A,N/A
Aagey Se Right,N/A,N/A
Aajcha Divas Majha,N/A,N/A
Aata Pita,N/A,N/A
Abby Sen,N/A,N/A
Abhinetri,N/A,N/A
About a Boy,93%,187
About Time,69%,154
Acapulco La vida va,N/A,N/A
Adam Devine: Best Time of Our Lives,N/A,N/A
ADAM SANDLER 100% FRESH,90%,20
Adel Karam: Live from Beirut,N/A,N/A
Adhugo,N/A,N/A
Aditi Mittal: Things They Wouldn't Let Me Say,N/A,N/A
Adventures in Public School,71%,7
Agustín Aristarán: Soy Rada,N/A,N/A
Aiyyaa,N/A,N/A
Alan Saldaña: Mi vida de pobre,N/A,N/A
Alarmoty in the Land of Fire,N/A,N/A
Alejandro Riaño: Especial de stand up,N/A,N/A
Alex Strangelove,80%,25
Ali Wong: Baby Cobra,100%,9
Ali Wong: Hard Knock Wife,100%,20
Ali's Wedding,92%,24
All About Nina,86%,57
All the Reasons to Forget,N/A,N/A
"All's Well, End's Well (2009)",N/A,N/A
Always Be My Maybe,N/A,N/A
Amar Akbar & Tony,N/A,N/A
Among Family,N/A,N/A
Amy Schumer Growing,79%,14
Amy Schumer: The Leather Special,50%,8
An Upper Egyptian,N/A,N/A
Ana e Vitória,N/A,N/A
Anchor and Hope,75%,28
Andaz Apna Apna,N/A,N/A
Andhadhun,100%,14
Anger Management,N/A,N/A
Anjelah Johnson: Not Fancy,N/A,N/A
Antar: Son of Shadad,N/A,N/A
Anthony Jeselnik: Fire in the Maternity Ward,80%,5
Anthony Jeselnik: Thoughts and Prayers,100%,5
Anthony Kaun Hai?,N/A,N/A
Arango y Sanint: Ríase el show,N/A,N/A
Are We Done Yet?,8%,92
Ari Shaffir: Double Negative,N/A,N/A
Arisan! 2,N/A,N/A
Arsenio Hall: Smart & Classy,N/A,N/A
Arthur,N/A,N/A
Asu Mare 2,N/A,N/A
ATM,12%,26
Attitude Test,N/A,N/A
Austin Powers: International Man of Mystery,70%,61
Aziz Ansari Live at Madison Square Garden,100%,7
Aziz Ansari: Buried Alive,100%,6
Aziz Ansari: RIGHT NOW,86%,28
Baby Dolls,N/A,N/A
Back and Forth,N/A,N/A
Back to School,85%,34
Back to the 90s,N/A,N/A
Bad Seeds,N/A,N/A
Bana Masal Anlatma,N/A,N/A
Banana Island Ghost,N/A,N/A
Band Aid,85%,68
Bangistan,38%,8
Bangkok Traffic (Love) Story,N/A,N/A
Barakah Meets Barakah,N/A,N/A
Bareilly Ki Barfi,70%,10
Barfi!,86%,14
Barrio Universitario,N/A,N/A
BASEketball,42%,50
Be Somebody,N/A,N/A
Bean: The Ultimate Disaster Movie,N/A,N/A
Beavis and Butt-head Do America,72%,53
Bebe's Kids,30%,10
Because of Soccer,N/A,N/A
Because We're Heading Out,N/A,N/A
Berlin Kaplani,N/A,N/A
Bert Kreischer: Secret Time,N/A,N/A
Bert Kreischer: The Machine,N/A,N/A
Best Neighbors,N/A,N/A
Between Two Ferns: The Movie,77%,56
Bewildered Bolbol,N/A,N/A
Big Bear,N/A,N/A
Bill Burr: I'm Sorry You Feel That Way,100%,5
Bill Burr: Let It Go,N/A,N/A
Bill Burr: Paper Tiger,86%,7
Bill Burr: Walk Your Way Out,N/A,N/A
Bill Burr: You People Are All the Same,N/A,N/A
Bill Hicks: One Night Stand,N/A,N/A
Bill Hicks: Relentless,N/A,N/A
Bill Hicks: Revelations,N/A,N/A
Bill Hicks: Sane Man,N/A,N/A
Birthmarked,12%,17
Bitch,N/A,N/A
Bittoo Boss,N/A,N/A
Blessed Benefit,N/A,N/A
Blind Date,N/A,N/A
Blockbuster,N/A,N/A
Blue Mountain State: The Rise of Thadland,N/A,N/A
Bo Burnham: Make Happy,100%,6
Bo Burnham: what.,N/A,N/A
Bollywood Calling,N/A,N/A
Bomb Scared,N/A,N/A
Bombairiya,N/A,N/A
Bon Bini Holland,N/A,N/A
Boy Bye,N/A,N/A
Brad Paisley's Comedy Rodeo,60%,5
Brahman Naman,75%,8
Break Up 100,N/A,N/A
Brian Regan: Nunchucks and Flamethrowers,N/A,N/A
Bride For Rent,N/A,N/A
Bridget Christie: Stand Up for Her,N/A,N/A
Brij Mohan Amar Rahe,N/A,N/A
Bring It On: Worldwide Showdown,N/A,N/A
Brother in Love,N/A,N/A
Budapest,N/A,N/A
Buddies,N/A,N/A
Bygones Be Bygones,N/A,N/A
Caida del Cielo,N/A,N/A
Cake,N/A,N/A
Camera Store,N/A,N/A
Can't Help Falling in Love,N/A,N/A
Cappuccino,N/A,N/A
Care of Kancharapalem,N/A,N/A
Carlos Ballarta: El amor es de putos,N/A,N/A
Carlos Ballarta: Furia Ñera,N/A,N/A
Carrie Pilby,62%,26
Çarsi Pazar,N/A,N/A
Casa de mi Padre,41%,110
Catching Feelings,100%,7
Catfight,N/A,N/A
Cedric the Entertainer: Live from the Ville,N/A,N/A
Chadi Jawani Budhe Nu,N/A,N/A
Chal Bhaag,N/A,N/A
Chal Dhar Pakad,N/A,N/A
Chalay Thay Saath,N/A,N/A
Chamatkar,N/A,N/A
Chance Pe Dance,N/A,N/A
Chashme Buddoor,N/A,N/A
Chelsea Handler: Uganda Be Kidding Me Live,N/A,N/A
Chelsea Peretti: One of the Greats,100%,7
Chicken Kokkachi,N/A,N/A
Chief Daddy,N/A,N/A
Chingo Bling: They Can't Deport Us All,N/A,N/A
Chopsticks,20%,5
Chris D'Elia: Incorrigible,N/A,N/A
Chris D'Elia: Man on Fire,N/A,N/A
Chris Rock: Tamborine,100%,23
Chris Tucker Live,N/A,N/A
Christian Mingle,N/A,N/A
Christina P: Mother Inferior,N/A,N/A
Christmas Crush,N/A,N/A
Christmas Survival,N/A,N/A
Christmas Wedding Planner,N/A,N/A
Chup Chup Ke,N/A,N/A
Chupan Chupai,N/A,N/A
Class Act,N/A,N/A
Class Rank,86%,14
Coco y Raulito: Carrusel de ternura,N/A,N/A
Coffee with D,17%,6
Çok Filim Hareketler Bunlar,N/A,N/A
Colin Quinn: Red State Blue State,N/A,N/A
Colin Quinn: The New York Story,N/A,N/A
Colin Quinn: Unconstitutional,N/A,N/A
Colkatay Columbus,N/A,N/A
Couples Counseling,N/A,N/A
Craig Ferguson: Tickle Fight,N/A,N/A
Crazy Beautiful You,N/A,N/A
Crazy people,37%,19
CRD,100%,6
Cristela Alonzo: Lower Classy,N/A,N/A
D.L. Hughley: Clear,N/A,N/A
D.L. Hughley: Contrarian,N/A,N/A
"Dana Carvey: Straight White Male, 60",N/A,N/A
Daniel Sosa: Maleducado,N/A,N/A
Daniel Sosa: Sosafado,N/A,N/A
Dany Boon: Des Hauts De France,N/A,N/A
Dave Chappelle,N/A,N/A
Dave Chappelle: Equanimity & The Bird Revelation,N/A,N/A
Dave Chappelle: Sticks & Stones,N/A,N/A
David Brent: Life on the Road,58%,77
David Cross: Making America Great Again!,71%,7
Dead in a Week... Or Your Money Back,N/A,N/A
Dear Dad,29%,7
Dear Ex,89%,9
Dear Santa,N/A,N/A
Dear Zindagi,69%,13
Dedemin Fisi,N/A,N/A
Deewana Main Deewana,N/A,N/A
Def Comedy Jam 25,N/A,N/A
Deidra & Laney Rob a Train,N/A,N/A
Deliha,N/A,N/A
Deliha 2,N/A,N/A
Demetri Martin: Live (At the Time),N/A,N/A
Demetri Martin: The Overthinker,N/A,N/A
Denis Leary: No Cure For Cancer,N/A,N/A
Deon Cole: Cole Hearted,N/A,N/A
DeRay Davis: How to Act Black,N/A,N/A
Despite Everything,N/A,N/A
Dhanak,73%,11
Dharam Sankat Mein,33%,6
Dhoondte Reh Jaoge,N/A,N/A
Dieter Nuhr: Nuhr in Berlin,N/A,N/A
Dil Chahta Hai,N/A,N/A
Dil Dhadakne Do,64%,14
Dismissal,N/A,N/A
Do Dooni Chaar,N/A,N/A
Dolemite Is My Name,97%,194
Don Quixote: The Ingenious Gentleman of La Mancha,N/A,N/A
Don't Be a Menace to South Central While Drinking Your Juice in the Hood,31%,26
Don't Go Breaking My Heart,N/A,N/A
Don't Go Breaking My Heart 2,N/A,N/A
Don't Think Twice,98%,133
Donald Glover: Weirdo,N/A,N/A
Drink Drank Drunk,N/A,N/A
Dude,N/A,N/A
Düğün Dernek,N/A,N/A
Dügün Dernek 2: Sünnet,N/A,N/A
Dumb and Dumberer: When Harry Met Lloyd,10%,119
Dumplin',85%,61
Eddie Murphy: Delirious,83%,6
"Edmilson Filho: Notas, Comedy about Relationships",N/A,N/A
Edoardo Ferrario: Temi caldi,N/A,N/A
Ee Nagaraniki Emaindi,N/A,N/A
Ek Ladki Ko Dekha Toh Aisa Laga,75%,12
Ek Main Aur Ekk Tu,63%,8
El Camino Christmas,40%,5
El club de los buenos infieles,N/A,N/A
"El Especial de Alex Fernández, el Especial",N/A,N/A
EMI: Liya Hai To Chukana Padega,N/A,N/A
English Babu Desi Mem,N/A,N/A
Enissa Amani: Ehrenwort,N/A,N/A
Eric ldle's What About Dick?,N/A,N/A
"Escape from the ""Liberty"" Cinema",N/A,N/A
Esperando La Carroza,N/A,N/A
Everything About Her,N/A,N/A
Evolution,N/A,N/A
Evvarikee Cheppoddu,N/A,N/A
Exit Strategy,N/A,N/A
Eyyvah Eyvah,N/A,N/A
Eyyvah Eyyvah 2,N/A,N/A
Eyyvah Eyyvah 3,N/A,N/A
F the Prom,N/A,N/A
Fabrizio Copano: Solo pienso en mi,N/A,N/A
Fadily Camara : La plus drôle de tes copines,N/A,N/A
Fakkah Fuzz: Almost Banned,N/A,N/A
Falling Inn Love,63%,19
Farce,N/A,N/A
Fary Is the New Black,N/A,N/A
Father of the Year,0%,11
Fatso,33%,6
Fear and Loathing in Las Vegas,49%,67
Felipe Esparza: They're Not Going to Laugh at You,N/A,N/A
Felipe Neto: My Life Makes No Sense,N/A,N/A
Feo pero sabroso,N/A,N/A
Fernando Sanjiao: Hombre,N/A,N/A
Ferrari Ki Sawaari,N/A,N/A
First Impression,N/A,N/A
Flimflam,N/A,N/A
For Here or to Go?,44%,16
For Love or Money,N/A,N/A
For Your Own Good,N/A,N/A
Four Sisters and a Wedding,N/A,N/A
Frances Ha,92%,178
Francesco De Carlo: Cose di questo mondo,N/A,N/A
Franco Escamilla: Bienvenido al mundo,N/A,N/A
Franco Escamilla: Por la anécdota,N/A,N/A
Frank and Cindy,N/A,N/A
"Frankenstein’s Monster’s Monster, Frankenstein",88%,17
Frat Star,N/A,N/A
Fred Armisen: Standup For Drummers,67%,6
Freezer's Campaign,N/A,N/A
Fun Mom Dinner,33%,27
"Gabriel ""Fluffy"" Iglesias: One Show Fits All",N/A,N/A
Gabriel lglesias: I’m Sorry For What I Said When I Was Hungry,N/A,N/A
Gad Elmaleh: American Dream,N/A,N/A
Gad Gone Wild,N/A,N/A
Garfunkel and Oates: Trying to be Special,N/A,N/A
Getting Played,N/A,N/A
Ghanchakkar,N/A,N/A
Gina Yashere: Laughing to America,N/A,N/A
Gina Yashere: Skinny B*tch,N/A,N/A
"Girl, Boy, Bakla, Tomboy",N/A,N/A
Girlfriend's Day,43%,7
Girls With Balls,36%,11
Good and Prosperous,N/A,N/A
Good Kids,N/A,N/A
Good Luck Chuck,5%,115
Goon,81%,105
Goon: Last of the Enforcers,42%,59
Görümce,N/A,N/A
Gosford Park,86%,159
Grand Masti,N/A,N/A
Grass,75%,20
Green White Green (And All the Beautiful Colours in My Mosaic of Madness),N/A,N/A
Greg Davies: You Magnificent Beast,N/A,N/A
Grego Rossello: Disculpe las molestias,N/A,N/A
Grillo vs Grillo,N/A,N/A
Haapus,N/A,N/A
Hadi İnşallah,N/A,N/A
Halkaa,N/A,N/A
Hamza's Suitcase,N/A,N/A
Handsome Devil,83%,46
Handsome: A Netflix Mystery Movie,N/A,N/A
Hannah Gadsby: Nanette,100%,48
Hannibal Buress: Comedy Camisado,100%,7
Hans Teeuwen: Real Rancour,N/A,N/A
Hantu Kak Limah,N/A,N/A
Happy Anniversary,N/A,N/A
Happy Go Lucky,N/A,N/A
Happy Times,72%,60
Hari Kondabolu: Warn Your Relatives,100%,7
Harith Iskander: I Told You So,N/A,N/A
Harold & Kumar Escape from Guantanamo Bay,N/A,N/A
Hasan Minhaj: Homecoming King,78%,9
Hattrick,N/A,N/A
Hayat Öpücügü,N/A,N/A
He Even Has Your Eyes,N/A,N/A
He Never Died,87%,15
Héroes,N/A,N/A
High End Yaariyan,N/A,N/A
Hokkabaz,N/A,N/A
Holidays,50%,28
Holy Camp!,N/A,N/A
Holy Goalie,N/A,N/A
Holy Man 2,N/A,N/A
Holy Man 3,N/A,N/A
Honeymoon Travels Pvt. Ltd.,N/A,N/A
Hot Bot,N/A,N/A
Hot Property,N/A,N/A
Hot Rod,39%,117
House Arrest,N/A,N/A
"Houston, We Have a Problem!",N/A,N/A
How to Be a Latin Lover,40%,30
How to Be a Player,14%,7
How to Get Over a Breakup,N/A,N/A
Hükümet Kadin,N/A,N/A
Hükümet Kadin 2,N/A,N/A
Hurricane Bianca,N/A,N/A
Hurricane Bianca: From Russia With Hate,N/A,N/A
Husbands in Goa,N/A,N/A
I Am Not an Easy Man,80%,5
I Am Not Madame Bovary,83%,53
I Don't Know How She Does It,17%,112
I Fine... Thank You... Love You,N/A,N/A
I Hate Luv Storys,N/A,N/A
I Love You,N/A,N/A
I'll See You in My Dreams,93%,91
I'm Brent Morin,N/A,N/A
Ibiza: Love Drunk,N/A,N/A
Ideachi Kalpana,N/A,N/A
Iliza Shlesinger: Confirmed Kills,N/A,N/A
Iliza Shlesinger: Elder Millennial,60%,5
Iliza Shlesinger: Freezing Hot,N/A,N/A
Iliza Shlesinger: Unveiled,N/A,N/A
Iliza Shlesinger: War Paint,N/A,N/A
In Family I Trust,N/A,N/A
In Order of Disappearance,86%,64
Internet Famous,N/A,N/A
Irada Pakka,N/A,N/A
Isoken,N/A,N/A
It Takes a Man and a Woman,N/A,N/A
It's Fine,N/A,N/A
It's Now or Never,N/A,N/A
"It's Okay, Buddy",N/A,N/A
Jaane Tu... Ya Jaane Na,N/A,N/A
Jab Harry Met Sejal,10%,10
Jack Whitehall: At Large,N/A,N/A
Jack Whitehall: Christmas with My Father,N/A,N/A
Jackpot,29%,55
James Acaster: Repertoire,N/A,N/A
Janaan,N/A,N/A
Jandino: Whatever it Takes,N/A,N/A
Jani Dueñas: Grandes fracasos de ayer y hoy,N/A,N/A
Jatt James Bond,N/A,N/A
Jatts in Golmaal,N/A,N/A
Jay and Silent Bob Strike Back,52%,153
Jefe,N/A,N/A
Jeff Dunham: All Over the Map,N/A,N/A
Jeff Dunham: Arguing with Myself,N/A,N/A
Jeff Dunham: Beside Himself,N/A,N/A
Jeff Dunham: Controlled Chaos,N/A,N/A
Jeff Dunham: Minding the Monsters,N/A,N/A
Jeff Dunham: Relative Disaster,N/A,N/A
Jeff Dunham's Very Special Christmas Special,N/A,N/A
Jeff Foxworthy and Larry the Cable Guy: We’ve Been Thinking...,N/A,N/A
Jeff Garlin: Our Man In Chicago,N/A,N/A
Jen Kirkman: I'm Gonna Die Alone (And I Feel Fine),N/A,N/A
Jen Kirkman: Just Keep Livin’?,N/A,N/A
Jenny Slate: Stage Fright,100%,14
Jerry Before Seinfeld,95%,19
Jerry Seinfeld: I'm Telling You for the Last Time,N/A,N/A
Jhankaar Beats,N/A,N/A
Jim Gaffigan: Beyond the Pale,N/A,N/A
Jim Gaffigan: Cinco,83%,6
Jim Gaffigan: King Baby,N/A,N/A
Jim Gaffigan: Mr. Universe,N/A,N/A
Jim Gaffigan: Obsessed,100%,5
Jim Jefferies : BARE,N/A,N/A
Jim Jefferies: Freedumb,N/A,N/A
Jim Jefferies: This Is Me Now,N/A,N/A
Jim Norton: Mouthful of Shame,N/A,N/A
Jimmy Carr: Funny Business,N/A,N/A
Jimmy Carr: The Best of Ultimate Gold Greatest Hits,N/A,N/A
Jo Koy: Comin' In Hot,N/A,N/A
Jo Koy: Live from Seattle,N/A,N/A
Joan Rivers: Don't Start with Me,N/A,N/A
Joaquín Reyes: Una y no más,N/A,N/A
Joe Mande’s Award-Winning Comedy Special,N/A,N/A
Joe Rogan: Strange Times,N/A,N/A
Joe Rogan: Triggered,N/A,N/A
John Leguizamo's Latin History for Morons,100%,7
John Mulaney: Kid Gorgeous at Radio City,100%,20
John Mulaney: New in Town,N/A,N/A
John Mulaney: The Comeback Kid,100%,8
Joker,N/A,N/A
Journey to Greenland,N/A,N/A
Judah Friedlander: America Is the Greatest Country in the United States,N/A,N/A
Judd Apatow: The Return,86%,7
Judge Singh LLB,N/A,N/A
Junebug,87%,135
Kaake Da Viyah,N/A,N/A
Kabhi Haan Kabhi Naa,N/A,N/A
Kalakalappu,N/A,N/A
Kanavu Variyam,N/A,N/A
Kara Bela,N/A,N/A
Kath & Kimderella,N/A,N/A
Katherine Ryan: Glitter Room,N/A,N/A
Katherine Ryan: In Trouble,N/A,N/A
Kathleen Madigan: Bothering Jesus,N/A,N/A
Katt Williams: American Hustle (The Movie),N/A,N/A
Katt Williams: Great America,80%,5
Katt Williams: Kattpacalypse,N/A,N/A
Katt Williams: Live,N/A,N/A
Katt Williams: The Pimp Chronicles: Pt. 1,N/A,N/A
Katti Batti,N/A,N/A
Kavin Jay: Everybody Calm Down!,N/A,N/A
Kay Dyache Bola,N/A,N/A
"Ken Jeong: You Complete Me, Ho",29%,7
Kevin Hart: Irresponsible,100%,6
Kevin Hart: Laugh at My Pain,71%,7
Kevin Hart: Let Me Explain,61%,44
Kevin Hart: Seriously Funny,N/A,N/A
Kevin Hart: What Now?,75%,57
Kevin James: Never Don't Give Up,N/A,N/A
Kevin James: Sweat the Small Stuff,N/A,N/A
Khoobsurat,N/A,N/A
Khosla Ka Ghosla,N/A,N/A
Khushi,N/A,N/A
Kicking and Screaming,41%,142
Kill Me If You Dare,N/A,N/A
King of Peking,N/A,N/A
Kis Kisko Pyaar Karoon,0%,6
Kismat Konnection,N/A,N/A
KL Zombi,N/A,N/A
Kocan Kadar Konus,N/A,N/A
Kocan Kadar Konus 2: Dirilis,N/A,N/A
Kodachrome,N/A,N/A
Koi Aap Sa,N/A,N/A
Krystal,10%,21
Küçük Esnaf,N/A,N/A
Kyaa Kool Hai Hum,N/A,N/A
Kyaa Kool Hain Hum 3,0%,8
Kyo Kii... Main Jhuth Nahin Bolta,N/A,N/A
La Coppia dei Campioni,N/A,N/A
La Última Fiesta,N/A,N/A
Laatu,N/A,N/A
Lady-Like,N/A,N/A
Laggies,65%,116
Lagos Real Fake Life,N/A,N/A
Last Stop: Kurtulus,N/A,N/A
Lavell Crawford: Can a Brother Get Some Love?,N/A,N/A
Leap Year,N/A,N/A
Lechmi,N/A,N/A
Let It Snow,53%,17
Lez Bomb,89%,9
Life After Beth,44%,95
Like Father,N/A,N/A
Lionheart,N/A,N/A
Liss Pereira: Reteniendo líquidos,N/A,N/A
Little Boxes,67%,21
Little Evil,92%,12
Little Sister,N/A,N/A
Lo más sencillo es complicarlo todo,N/A,N/A
Locked on You,N/A,N/A
Lommbock,N/A,N/A
Look for a Star,N/A,N/A
Look Who's Back,N/A,N/A
Love in a Puff,N/A,N/A
Love Ni Bhavai,N/A,N/A
Love Off the Cuff,100%,5
Love Per Square Foot,N/A,N/A
Love Station,N/A,N/A
Love You... Love You Not,N/A,N/A
"Love, Rosie",33%,55
"Love, Surreal and Odd",N/A,N/A
Love.com,N/A,N/A
Loving is Losing,N/A,N/A
Lucas Brothers: On Drugs,N/A,N/A
Luciano Mellera: Infantiloide,N/A,N/A
Luckee,N/A,N/A
Luka Chuppi,33%,12
Lusers,N/A,N/A
Lust Stories,100%,10
Luv Shuv Tey Chicken Khurana,N/A,N/A
Lynne Koplitz: Hormonal Beast,N/A,N/A
Mac & Devin Go to High School,N/A,N/A
Macho,N/A,N/A
Mad Money,N/A,N/A
Mahi NRI,N/A,N/A
Mahjong Heroes,N/A,N/A
"Main, Meri Patni Aur Woh",N/A,N/A
Maktub,N/A,N/A
Malena Pichot: Estupidez compleja,N/A,N/A
Man Up,N/A,N/A
Manhattan Romance,N/A,N/A
Manje Bistre,N/A,N/A
Manmadhudu 2,N/A,N/A
Manoranjan,N/A,N/A
Manson Family Vacation,100%,14
Maps to the Stars,61%,155
Marc Maron: Thinky Pain,N/A,N/A
Marc Maron: Too Real,80%,5
Marco Luque: Tamo Junto,N/A,N/A
Maria Bamford: Old Baby,100%,14
Maria Bamford: The Special Special Special,N/A,N/A
Marlon Wayans: Woke-ish,N/A,N/A
Marriage Palace,N/A,N/A
Martin Lawrence Live: Runteldat,39%,57
"Martin Matte: La vie, la mort...eh la la..!",N/A,N/A
Mascots,49%,47
Matichya Chuli,N/A,N/A
Mau Nieto: Viviendo sobrio… desde el bar,N/A,N/A
May You Prosper,N/A,N/A
Maz Jobrani: Immigrant,N/A,N/A
Maza Pati Karodpati,N/A,N/A
Me and the Alien,N/A,N/A
Mea Culpa,N/A,N/A
Melvin Goes to Dinner,100%,11
Merry Men: The Real Yoruba Demons,N/A,N/A
Mi Obra Maestra,86%,7
Mi Shivajiraje Bhosale Boltoy,N/A,N/A
"Michael Bolton's Big, Sexy Valentine's Day Special",100%,5
Michael Che Matters,N/A,N/A
Michelle Wolf: Joke Show,100%,5
Mike Birbiglia: Thank God for Jokes,100%,8
Mike Birbiglia: The New One,N/A,N/A
Mike Birbiglia: What I Should Have Said Was Nothing: Tales from My Secret Public Journal,N/A,N/A
Mike Epps: Don't Take It Personal,N/A,N/A
Mike Epps: Only One Mike,N/A,N/A
Mindhorn,91%,47
Miranda Sings Live…Your Welcome,N/A,N/A
Misfit,N/A,N/A
Mission: Destroy Love,N/A,N/A
Mo Amer: The Vagabond,N/A,N/A
Mo Gilligan: Momentum,N/A,N/A
Moms at War,N/A,N/A
Money Trap,N/A,N/A
Monopoly (The Bank Of Luck),N/A,N/A
"Monty Python Live (Mostly): One Down, Five to Go",N/A,N/A
Monty Python: Before the Flying Circus,N/A,N/A
Monty Python: Live at Aspen,N/A,N/A
Monty Python: Live at the Hollywood Bowl,N/A,N/A
Moonwalkers,N/A,N/A
Moshe Kasher: Live in Oakland,N/A,N/A
Motor Mitraan Di,N/A,N/A
Movie 43,5%,88
Mr. Roosevelt,100%,32
Mr. Virgin,N/A,N/A
Mr. Woodcock,13%,110
Ms. Mammy,N/A,N/A
Mubarakan,33%,6
Mumbai Delhi Mumbai,N/A,N/A
Mumbai Matinee,N/A,N/A
Mundeyan Ton Bachke Rahin,N/A,N/A
Muramba,N/A,N/A
Murder Mystery,45%,65
Murder Party,100%,5
Mustang Island,N/A,N/A
My Big Night,N/A,N/A
My Dog is My Guide,N/A,N/A
My Entire High School Sinking Into the Sea,84%,68
My Ex-Ex,N/A,N/A
My Friend Pinto,N/A,N/A
My Fuhrer,N/A,N/A
My Life as a Zucchini,98%,132
My Only Mother,N/A,N/A
My Suicide,57%,7
My Travel Buddy,N/A,N/A
My Travel Buddy 2,N/A,N/A
My Wife and I,N/A,N/A
My Wife and My Wifey,N/A,N/A
Nacho Libre,40%,164
Naked,N/A,N/A
Naomi and Ely's No Kiss List,N/A,N/A
Nappily Ever After,71%,14
Natalia Valdebenito: El especial,N/A,N/A
Natalia Valdebenito: Gritona,N/A,N/A
Nate Bargatze: The Tennessee Kid,N/A,N/A
Natural Born Pranksters,N/A,N/A
Naughty Jatts,N/A,N/A
Neal Brennan: 3 Mics,100%,7
Next Enti?,N/A,N/A
Nikki Glaser: Bangin’,N/A,N/A
Niyazi Gül Dörtnala,N/A,N/A
Njan Prakashan,N/A,N/A
No Entry,N/A,N/A
No estoy loca,N/A,N/A
No Reservations,42%,162
"Norm Macdonald: Hitler's Dog, Gossip & Trickery",N/A,N/A
Nothing to Hide,80%,5
Obvious Child,90%,163
Odu Raja Odu,N/A,N/A
Off Course,N/A,N/A
Oh My Ghost,N/A,N/A
Oh My Ghost 2,N/A,N/A
Oh My Ghost 3,N/A,N/A
Oh My Ghost 4,N/A,N/A
Oh My God,22%,18
"Oh, Hello On Broadway",88%,8
"Oh, Ramona!",N/A,N/A
Oh! Baby,N/A,N/A
Oh! Baby (Malayalam),N/A,N/A
Oh! Baby (Tamil),N/A,N/A
Okafor's Law,N/A,N/A
Om Shanti Om,76%,17
Omar and Salma 3,N/A,N/A
One by Two,N/A,N/A
One Last Shot,N/A,N/A
Opening Night,96%,27
Operator,45%,20
Oru Vishsheshapetta Biryani Kissa,N/A,N/A
Other People,85%,59
Otherhood,26%,23
Our Idiot Brother,70%,141
Our Lovers,N/A,N/A
Our Shining Days,N/A,N/A
Oye Lucky! Lucky Oye!,N/A,N/A
P Se PM Tak,N/A,N/A
Paddleton,90%,39
Pahuna,N/A,N/A
Papa the Great,N/A,N/A
Park Na-rae: Glamour Warning,N/A,N/A
Parrot Sketch Not Included: Twenty Years of Monty Python,N/A,N/A
Party Monster: Scratching the Surface,N/A,N/A
PATRICK (2019),36%,33
Patron Mutlu Son Istiyor,N/A,N/A
Patton Oswalt: Annihilation,100%,13
Patton Oswalt: Talking for Clapping,86%,7
Payday,60%,5
Paying Guests,N/A,N/A
Peace Haven,N/A,N/A
Pee Mak,N/A,N/A
Peepli Live,85%,27
Pegasus,N/A,N/A
Pek Yakında,N/A,N/A
Penalty Kick,N/A,N/A
People You May Know,N/A,N/A
Phir Bhi Dil Hai Hindustani,N/A,N/A
Phone Swap,N/A,N/A
PK,76%,21
Pooja Kiven Aa,N/A,N/A
Poster Boys,33%,6
Potato Potahto,N/A,N/A
Pottersville,0%,6
Prince Charming,N/A,N/A
Private Life,N/A,N/A
Professor,N/A,N/A
Professor Mack,N/A,N/A
Pyaar Ka Punchnama,N/A,N/A
Pyaar Ka Punchnama 2,22%,9
Pyaar Ke Side Effects,N/A,N/A
Qarib Qarib Singlle,88%,8
Queen,96%,197
Rafinha Bastos: Ultimatum,N/A,N/A
Rainbow Time,67%,15
Rajma Chawal,N/A,N/A
Ralphie May: Imperfectly Yours,N/A,N/A
Ralphie May: Unruly,N/A,N/A
"Ray Romano: Right Here, Around the Corner",57%,7
Ready,N/A,N/A
Ready to Mingle,44%,9
Reggie Watts: Spatial,N/A,N/A
Results,84%,95
Ricardo O'Farrill Abrazo Genial,N/A,N/A
Ricardo O'Farrill: Abrazo navideño,N/A,N/A
Ricardo Quevedo: Hay gente así,N/A,N/A
Ricardo Quevedo: Los amargados somos más,N/A,N/A
Richard Pryor: Live in Concert,92%,12
Ricky Gervais: Humanity,43%,14
Right Here Right Now,N/A,N/A
Rodney Carrington: Here Comes the Truth,N/A,N/A
Romantik Komedi,N/A,N/A
Romantik Komedi 2: Bekarlığa Veda,N/A,N/A
"Ron White: If You Quit Listening, I'll Shut Up",N/A,N/A
Ronny Chieng: Asian Comedian Destroys America!,N/A,N/A
Room for Rent,88%,8
Rory Scovel Tries Stand-Up for the First Time,89%,9
Rumor Has It...,20%,112
Running Shaadi,N/A,N/A
RUSSELL BRAND: RE:BIRTH,N/A,N/A
Russell Howard: Recalibrate,N/A,N/A
Russell Peters: Almost Famous,N/A,N/A
Russell Peters: Notorious,N/A,N/A
Ryan Hamilton: Happy Face,N/A,N/A
Saadey CM Saab,N/A,N/A
Sadie's Last Days on Earth,40%,5
Sam Kinison: Breaking the Rules,N/A,N/A
Sam Kinison: Family Entertainment Hour,N/A,N/A
Sam Kinison: Live in Vegas,N/A,N/A
Sameer Abu Alneel,N/A,N/A
Sanai Choughade,N/A,N/A
Sandy Wexler,27%,22
Santo Cachón,N/A,N/A
Sarah Silverman A Speck of Dust,100%,10
Sardaar ji,N/A,N/A
Sat Shri Akaal England,N/A,N/A
Savage Raghda,N/A,N/A
Saverio Raimondo: Il Satiro Parlante,N/A,N/A
Saving Mr. Banks,79%,254
Schubert in Love,N/A,N/A
SDU: Sex Duties Unit,N/A,N/A
Sebastian Maniscalco: Stay Hungry,N/A,N/A
Sebastian Maniscalco: What's Wrong with People?,N/A,N/A
Sebastian Maniscalco: Why Would You Do That?,N/A,N/A
Sebastián Marcelo Wainraich,N/A,N/A
Secrets in the Hot Spring,N/A,N/A
Sen Kimsin?,N/A,N/A
Seoul Searching,75%,16
Set It Up,92%,59
Seth Meyers: Lobby Baby,N/A,N/A
Seth Rogen's Hilarity for Charity,N/A,N/A
Settai,N/A,N/A
Seven Sundays,N/A,N/A
Seventeen,N/A,N/A
Sextuplets,14%,14
Shahanpan Dega Deva,N/A,N/A
Shararat,N/A,N/A
She's Out of My League,58%,131
Shor In the City,N/A,N/A
Si saben cómo me pongo ¿pa' qué me invitan?,N/A,N/A
Sierra Burgess Is a Loser,61%,38
Simon Amstell: Set Free,N/A,N/A
Simplemente Manu NNa,N/A,N/A
"Sincerely Yours, Dhaka",N/A,N/A
Singapore,N/A,N/A
Single,N/A,N/A
Sister Code,N/A,N/A
Sisterakas,N/A,N/A
Slam,61%,23
Sleeping with Other People,64%,129
Smart People,N/A,N/A
SMOSH: The Movie,N/A,N/A
Socha Na Tha,N/A,N/A
Sofía Niño de Rivera: Exposed,N/A,N/A
Sofía Niño de Rivera: Selección Natural,N/A,N/A
Solo Con Tu Pareja,67%,12
Someone Great,82%,51
Something Huge,N/A,N/A
Something's Gotta Give,72%,170
Sommore: Chandelier Status,N/A,N/A
Sommore: The Reign Continues,N/A,N/A
Spanish Affair 2,N/A,N/A
Special Correspondents,17%,36
Speech & Debate,N/A,N/A
Spivak,N/A,N/A
Spring Breakers,67%,190
Step Brothers,N/A,N/A
Step Outside,N/A,N/A
Step Sisters,22%,9
Steve Martin and Martin Short: An Evening You Will Forget for the Rest of Your Life,100%,10
Still LAUGH-IN: The Stars Celebrate,N/A,N/A
Story of an Egg,N/A,N/A
Stree,77%,13
Suckseed,N/A,N/A
Sudani from Nigeria,N/A,N/A
Sun Dogs,N/A,N/A
Super Deluxe,80%,5
Super Nani,N/A,N/A
Superstar,N/A,N/A
Sur Sapata,N/A,N/A
Swearnet Live,N/A,N/A
Swearnet: The Movie,20%,10
Swiped,17%,6
Swiss Army Man,71%,202
Take Me,N/A,N/A
Take the 10,N/A,N/A
Tanu Weds Manu,N/A,N/A
Target,N/A,N/A
Tattah,N/A,N/A
Tees Maar Khan,N/A,N/A
Tere Naal Love Ho Gaya,N/A,N/A
Teshan,N/A,N/A
Thank You,N/A,N/A
The 101-Year-Old Man Who Skipped Out on the Bill and Disappeared,N/A,N/A
The African Doctor,N/A,N/A
The After Party,N/A,N/A
The Ant's Scream,N/A,N/A
The Apostate,N/A,N/A
The Art of the Steal,44%,50
The Awakening of Motti Wolkenbruch,63%,8
The Babysitter,N/A,N/A
The Bad Education Movie,63%,8
The Ballad of Buster Scruggs,91%,216
The Bar,N/A,N/A
The Break-Up,N/A,N/A
The Breaker Upperers,89%,44
The Bros,N/A,N/A
The Bucket List,41%,174
The Bulbul's Nest,N/A,N/A
The Clapper,24%,25
The Competition,N/A,N/A
The Confirmation,N/A,N/A
The Consul's Son,N/A,N/A
The Cruise,86%,21
The D Train,N/A,N/A
The Dirt,N/A,N/A
The Distinguished Citizen,100%,13
The Edge of Seventeen,94%,206
The Feels,N/A,N/A
The Film from Dylan Haegens,N/A,N/A
The First Temptation of Christ,N/A,N/A
The First Wives Club,N/A,N/A
The Fundamentals of Caring,77%,35
The Gathering,N/A,N/A
The Good Catholic,42%,12
"The Goods: Live Hard, Sell Hard",N/A,N/A
The Holy Man,N/A,N/A
The Hundred-Foot Journey,67%,144
The Incredible Jessica James,88%,58
The Informant!,79%,229
The Kissing Booth,17%,12
The Land of Steady Habits,86%,37
The Last Hangover,N/A,N/A
The Last Laugh,100%,26
The Last Summer,N/A,N/A
The Laundromat,41%,155
The Laws of Thermodynamics,46%,13
The Legend of Michael Mishra,0%,6
The Little Hours,78%,122
The Little Switzerland,N/A,N/A
The Lobster,88%,250
The Lonely Island Presents: The Unauthorized Bash Brothers Experience,100%,11
The Longshots,N/A,N/A
The Love Guru,N/A,N/A
The Mad Monk,N/A,N/A
The Mansion,N/A,N/A
The Men Who Stare at Goats,N/A,N/A
The Meyerowitz Stories (New and Selected),N/A,N/A
The Midas Touch,N/A,N/A
The Motive,60%,20
The New Romantic,62%,29
The One I Love,82%,93
The Only Mother To You All,N/A,N/A
The Outcasts,N/A,N/A
The Package,N/A,N/A
The Parole Officer,57%,7
The Perfect Date,65%,17
The Perfect Dictatorship,N/A,N/A
The Player,N/A,N/A
The Polka King,66%,35
The President's Barber,N/A,N/A
The Sapphires,91%,136
The Shaukeens,20%,5
The Squid and the Whale,N/A,N/A
The Third Party,N/A,N/A
The Tiger Hunter,78%,18
The Trap,N/A,N/A
The Tribe,N/A,N/A
The Ugly Truth,N/A,N/A
The Waterboy,N/A,N/A
The Wedding Party,43%,7
The Wedding Party 2: Destination Dubai,N/A,N/A
The Week Of,27%,26
The Women's Balcony,96%,46
The Young Offenders,100%,22
The Zoya Factor,45%,11
Theeya Velai Seyyanum Kumaru,N/A,N/A
Then Came You,59%,22
Theo Von: No Offense,N/A,N/A
They Are Everywhere,N/A,N/A
Thi Mai,N/A,N/A
This Is Not What I Expected,71%,7
Three-Quarters Decent,N/A,N/A
Thug Life,N/A,N/A
Tiffany Haddish: Black Mitzvah,N/A,N/A
Tig Notaro Happy To Be Here,100%,8
Tim Allen: Men Are Pigs,N/A,N/A
Tim Allen: ReWires America,N/A,N/A
Tim Minchin And The Heritage Orchestra Live,N/A,N/A
Tim Minchin: So F**king Rock,N/A,N/A
Time Please,N/A,N/A
To All the Boys I’ve Loved Before,97%,66
"To Each, Her Own",N/A,N/A
"To Wong Foo, Thanks for Everything! Julie Newmar",41%,37
Toc Toc,N/A,N/A
Todd Barry: Spicy Honey,N/A,N/A
Todd Glass: Act Happy,100%,7
Todd Glass: Stand-Up Special,N/A,N/A
Todo lo que sería Lucas Lauriente,N/A,N/A
Toilet: Ek Prem Katha,27%,11
Tom Papa Live in New York City,N/A,N/A
Tom Segura: Completely Normal,N/A,N/A
Tom Segura: Disgraceful,100%,5
Tom Segura: Mostly Stories,N/A,N/A
Total Frat Movie,N/A,N/A
Tracy Morgan: Staying Alive,83%,6
Trailer Park Boys: Countdown to Liquor Day,57%,23
"Trailer Park Boys: Drunk, High and Unemployed: Live in Austin",N/A,N/A
Trailer Park Boys: Say Goodnight to the Bad Guys,N/A,N/A
Trailer Park Boys: The Movie,57%,23
Trainspotting,90%,84
Trash Fire,69%,26
Trevor Noah: Afraid of the Dark,100%,5
Trevor Noah: Son of Patricia,N/A,N/A
Tu Hai Mera Sunday,N/A,N/A
Tucker and Dale vs. Evil,85%,111
Tum Milo Toh Sahi,N/A,N/A
Ugly Aur Pagli,N/A,N/A
Uma Noite Mais que Louca,N/A,N/A
Un plus une,N/A,N/A
Uncle Naji in UAE,N/A,N/A
Under the Eiffel Tower,41%,17
Undercover Brother 2,N/A,N/A
Unfinished Song,65%,100
Unicorn Store,63%,82
Upstarts,N/A,N/A
Very Big Shot,N/A,N/A
Vir Das: Abroad Understanding,N/A,N/A
Vir Das: Losing It,N/A,N/A
Vizontele,N/A,N/A
Vizontele Tuuba,N/A,N/A
W. Kamau Bell: Private School Negro,82%,11
Wake Up Sid,N/A,N/A
Wanda Sykes: Not Normal,100%,8
War Chhod Na Yaar,N/A,N/A
War Machine,N/A,N/A
Warehoused,100%,5
Watchman,N/A,N/A
We Are Family,N/A,N/A
We Need to Talk,N/A,N/A
We're No Animals,N/A,N/A
Wedding Unplanned,N/A,N/A
Welcome 2 Karachi,N/A,N/A
Welcome Mr. President!,N/A,N/A
Welcome to Sajjanpur,N/A,N/A
Welcome to Willits,N/A,N/A
West Coast,N/A,N/A
Wet Hot American Summer,36%,72
What a Wonderful Family!,N/A,N/A
What the Fish,N/A,N/A
What the Jatt!!,N/A,N/A
What's Your Raashee?,N/A,N/A
When We First Met,43%,23
Where's the Money,N/A,N/A
While We're Young,84%,203
Whindersson Nunes: Adult,N/A,N/A
White Island,N/A,N/A
Whitney Cummings: Can I Touch It?,N/A,N/A
Whitney Cummings: Money Shot,N/A,N/A
Wild Child,100%,27
Wild Oats,N/A,N/A
Win It All,85%,39
Wine Country,67%,81
Wish I Was Here,46%,127
Wives on Strike,N/A,N/A
Wives on Strike: The Revolution,N/A,N/A
Wrong No.,N/A,N/A
Wyatt Cenac: Brooklyn,N/A,N/A
Yanda Kartavya Aahe,N/A,N/A
Yeh Hai Bakrapur,N/A,N/A
Yoo Byung Jae: Discomfort Zone,N/A,N/A
Yoo Byung Jae: Too Much Information,N/A,N/A
You Can’t Fight Christmas,N/A,N/A
You Changed My Life,N/A,N/A
You Don't Mess with the Zohan,37%,188
You're Everything To Me,N/A,N/A
You're My Boss,N/A,N/A
Young Adult,80%,193
Yucatán,N/A,N/A
Zach Galifianakis: Live at the Purple Onion,N/A,N/A
Zack and Miri Make a Porno,N/A,N/A
Zero,N/A,N/A
Zindagi Na Milegi Dobara,91%,11
Zombieland,90%,249
